Date,Name,Year,Letterboxd URI
2024-06-10,Parasite,2019,https://boxd.it/hTha
2024-06-10,El Camino: A Breaking Bad Movie,2019,https://boxd.it/kv0q
2024-06-11,Fight Club,1999,https://boxd.it/2a9q
2024-06-11,The Prestige,2006,https://boxd.it/293w
2024-06-11,Gone Girl,2014,https://boxd.it/6hQu
2024-06-11,Inception,2010,https://boxd.it/1skk
2024-06-11,Arrival,2016,https://boxd.it/aNGk
2024-06-11,Back to the Future,1985,https://boxd.it/2b8e
2024-06-11,Spirited Away,2001,https://boxd.it/2b4m
2024-06-11,The Shawshank Redemption,1994,https://boxd.it/2aHi
2024-06-11,12 Angry Men,1957,https://boxd.it/2auI
2024-06-11,Titanic,1997,https://boxd.it/2a2k
2024-06-11,A Silent Voice: The Movie,2016,https://boxd.it/d99c
2024-06-11,Good Will Hunting,1997,https://boxd.it/2ahY
2024-06-11,The Godfather Part II,1974,https://boxd.it/2aNq
2024-06-11,The Truman Show,1998,https://boxd.it/18U8
2024-06-11,The Godfather,1972,https://boxd.it/2aNK
2024-06-11,The Matrix,1999,https://boxd.it/2a1m
2024-06-11,Up,2009,https://boxd.it/1OEc
2024-06-11,Grave of the Fireflies,1988,https://boxd.it/1RUM
2024-06-11,Interstellar,2014,https://boxd.it/4VZ8
2024-06-11,Life Is Beautiful,1997,https://boxd.it/29Wm
2024-06-11,The Dark Knight,2008,https://boxd.it/2b0k
2024-06-11,Se7en,1995,https://boxd.it/29zs
2024-06-11,Spider-Man 2,2004,https://boxd.it/2a88
2024-06-11,La La Land,2016,https://boxd.it/a5fa
2024-06-11,Prisoners,2013,https://boxd.it/4E5i
2024-06-11,The Avengers,2012,https://boxd.it/1xFW
2024-06-11,Avengers: Infinity War,2018,https://boxd.it/9vEe
2024-06-11,Forrest Gump,1994,https://boxd.it/728
2024-06-11,The Pursuit of Happyness,2006,https://boxd.it/28PE
2024-06-11,Django Unchained,2012,https://boxd.it/2cCk
2024-06-11,Home Alone,1990,https://boxd.it/29Fg
2024-06-11,Home Alone 2: Lost in New York,1992,https://boxd.it/29F6
2024-06-11,Incendies,2010,https://boxd.it/Msm
2024-06-11,Harry Potter and the Philosopher's Stone,2001,https://boxd.it/29QS
2024-06-11,The Sixth Sense,1999,https://boxd.it/29Js
2024-06-11,Memories of Murder,2003,https://boxd.it/1TSo
2024-06-11,Shutter Island,2010,https://boxd.it/1U82
2024-06-11,The Silence of the Lambs,1991,https://boxd.it/2aHW
2024-06-11,The Departed,2006,https://boxd.it/28MA
2024-06-11,The Lord of the Rings: The Fellowship of the Ring,2001,https://boxd.it/2b5O
2024-06-11,A Taxi Driver,2017,https://boxd.it/fwac
2024-06-11,Catch Me If You Can,2002,https://boxd.it/29VS
2024-06-11,The Revenant,2015,https://boxd.it/8H5e
2024-06-11,No Country for Old Men,2007,https://boxd.it/21ew
2024-06-11,Kung Fu Hustle,2004,https://boxd.it/1YBi
2024-06-11,Oldboy,2003,https://boxd.it/29R2
2024-06-11,Train to Busan,2016,https://boxd.it/dSQU
2024-06-11,Squid Game,2021,https://boxd.it/x1OG
2024-06-11,Forgotten,2017,https://boxd.it/hAJE
2024-06-11,Peninsula,2020,https://boxd.it/lnrU
2024-06-11,Oppenheimer,2023,https://boxd.it/wUow
2024-06-11,Joker,2019,https://boxd.it/h4cS
2024-06-11,Dune,2021,https://boxd.it/fA7G
2024-06-11,Dune: Part Two,2024,https://boxd.it/pUfA
2024-06-11,Don't Look Up,2021,https://boxd.it/o0Hc
2024-06-11,The Wolf of Wall Street,2013,https://boxd.it/3C1m
2024-06-11,Once Upon a Time... in Hollywood,2019,https://boxd.it/gH0O
2024-06-11,The Aviator,2004,https://boxd.it/26BU
2024-06-11,Blood Diamond,2006,https://boxd.it/28Tm
2024-06-11,The Batman,2022,https://boxd.it/eDGs
2024-06-11,American Psycho,2000,https://boxd.it/28Vs
2024-06-11,Avengers: Endgame,2019,https://boxd.it/9vE4
2024-06-11,Guardians of the Galaxy,2014,https://boxd.it/3VH2
2024-06-11,Black Panther,2018,https://boxd.it/8MHs
2024-06-11,(500) Days of Summer,2009,https://boxd.it/1EmM
2024-06-11,Avatar: The Way of Water,2022,https://boxd.it/2E2E
2024-06-11,Guardians of the Galaxy Vol. 3,2023,https://boxd.it/fVNI
2024-06-11,Deadpool,2016,https://boxd.it/9fOC
2024-06-11,Thor: Ragnarok,2017,https://boxd.it/8MHi
2024-06-11,Avatar,2009,https://boxd.it/1Efm
2024-06-11,It,2017,https://boxd.it/bC8e
2024-06-11,Nightcrawler,2014,https://boxd.it/780m
2024-06-11,Tenet,2020,https://boxd.it/leq4
2024-06-11,The Dark Knight Rises,2012,https://boxd.it/H3m
2024-06-11,Batman Begins,2005,https://boxd.it/2aIg
2024-06-11,Fullmetal Alchemist: Brotherhood,2009,https://boxd.it/ptii
2024-06-12,Chernobyl,2019,https://boxd.it/mkbG
2024-06-12,Back to the Future Part II,1989,https://boxd.it/2aYI
2024-06-12,Back to the Future Part III,1990,https://boxd.it/2aTS
2024-06-12,Whiplash,2014,https://boxd.it/7bQA
2024-06-12,Pulp Fiction,1994,https://boxd.it/29Pq
2024-06-13,#Alive,2020,https://boxd.it/mJl2
2024-06-13,The Green Mile,1999,https://boxd.it/2agG
2024-06-14,Ford v Ferrari,2019,https://boxd.it/ce74
2024-06-14,Manchester by the Sea,2016,https://boxd.it/b2L0
2024-06-14,Fall,2022,https://boxd.it/Bf6G
2024-06-15,The Conjuring,2013,https://boxd.it/4sr2
2024-06-15,The Conjuring 2,2016,https://boxd.it/7GJg
2024-06-15,The Conjuring: The Devil Made Me Do It,2021,https://boxd.it/eXZY
2024-06-15,The Boy in the Striped Pyjamas,2008,https://boxd.it/1NOK
2024-06-15,Unhinged,2020,https://boxd.it/najM
2024-06-15,Retribution,2023,https://boxd.it/sDxy
2024-06-16,As Far As My Feet Will Carry Me,2001,https://boxd.it/1TLi
2024-06-17,Bridge to Terabithia,2007,https://boxd.it/28YG
2024-06-17,Gladiator,2000,https://boxd.it/2b9m
2024-06-19,The Pianist,2002,https://boxd.it/2aqc
2024-06-19,Killers of the Flower Moon,2023,https://boxd.it/gHp0
2024-06-19,Gran Turismo,2023,https://boxd.it/B2lS
2024-06-19,GoodFellas,1990,https://boxd.it/29FA
2024-06-20,Manjummel Boys,2024,https://boxd.it/EtUc
2024-06-20,Taxi Driver,1976,https://boxd.it/2b8y
2024-06-20,Schindler's List,1993,https://boxd.it/2aq2
2024-06-20,Drive,2011,https://boxd.it/IG
2024-06-21,Apocalypto,2006,https://boxd.it/28yy
2024-06-23,Jojo Rabbit,2019,https://boxd.it/iEBG
2024-06-23,Eternal Sunshine of the Spotless Mind,2004,https://boxd.it/6YK
2024-06-25,The Martian,2015,https://boxd.it/8SeG
2024-06-29,Watcher,2022,https://boxd.it/uocO
2024-06-29,The Fall Guy,2024,https://boxd.it/s0Bm
2024-06-29,A Quiet Place,2018,https://boxd.it/fVJQ
2024-06-29,A Quiet Place Part II,2020,https://boxd.it/iTx0
2024-07-03,Mother,2009,https://boxd.it/1m9g
2024-07-03,2001: A Space Odyssey,1968,https://boxd.it/2bf0
2024-07-04,Revolutionary Road,2008,https://boxd.it/24Le
2024-07-04,The Boy and the Heron,2023,https://boxd.it/ipeM
2024-07-04,Fast & Furious,2009,https://boxd.it/1Pnm
2024-07-04,The Fast and the Furious,2001,https://boxd.it/1XMu
2024-07-04,The Fast and the Furious: Tokyo Drift,2006,https://boxd.it/1Yeo
2024-07-04,2 Fast 2 Furious,2003,https://boxd.it/2a4g
2024-07-04,Fast Five,2011,https://boxd.it/BgO
2024-07-04,Furious 7,2015,https://boxd.it/5cVs
2024-07-04,Fast & Furious 6,2013,https://boxd.it/2UG6
2024-07-04,The Fate of the Furious,2017,https://boxd.it/bbCw
2024-07-04,F9,2021,https://boxd.it/dqsU
2024-07-04,Fast X,2023,https://boxd.it/drIu
2024-07-06,Midsommar,2019,https://boxd.it/jhxe
2024-07-07,Journey to the Center of the Earth,2008,https://boxd.it/PJq
2024-07-07,Annabelle,2014,https://boxd.it/7l84
2024-07-07,Annabelle: Creation,2017,https://boxd.it/dSxe
2024-07-07,Annabelle Comes Home,2019,https://boxd.it/iU5m
2024-07-16,Miracle in Cell No. 7,2019,https://boxd.it/nFrM
2024-07-22,Enemy,2013,https://boxd.it/5xtO
2024-07-24,Rear Window,1954,https://boxd.it/2a6Q
2024-07-27,Dead Poets Society,1989,https://boxd.it/2aSg
2024-07-28,HAIKYU!! The Dumpster Battle,2024,https://boxd.it/Cgri
2024-08-04,The Good Liar,2019,https://boxd.it/iuXC
2024-08-04,Before Sunset,2004,https://boxd.it/2bcg
2024-08-04,Before Midnight,2013,https://boxd.it/4ive
2024-08-04,Before Sunrise,1995,https://boxd.it/2bcU
2024-08-04,Psycho,1960,https://boxd.it/2ab2
2024-08-04,Maharaja,2024,https://boxd.it/GiAu
2024-08-06,The Usual Suspects,1995,https://boxd.it/29XE
2024-08-06,Inglourious Basterds,2009,https://boxd.it/1JzG
2024-08-09,Monster,2023,https://boxd.it/DJEM
2024-08-10,The Whale,2022,https://boxd.it/tw4c
2024-08-10,Into the Wild,2007,https://boxd.it/22m2
2024-08-10,Cast Away,2000,https://boxd.it/20i8
2024-08-10,Green Book,2018,https://boxd.it/hErk
2024-08-10,The Man from Earth,2007,https://boxd.it/1Ql2
2024-08-10,The Basketball Diaries,1995,https://boxd.it/1WaO
2024-08-11,Silenced,2011,https://boxd.it/2QGG
2024-08-11,Come and See,1985,https://boxd.it/1w9q
2024-08-11,Final Destination,2000,https://boxd.it/1YrC
2024-08-11,Chime,2024,https://boxd.it/KiS2
2024-08-11,127 Hours,2010,https://boxd.it/SLa
2024-08-11,Sleep Tight,2011,https://boxd.it/2GjC
2024-08-11,Character,2021,https://boxd.it/us2e
2024-08-12,"The Gangster, the Cop, the Devil",2019,https://boxd.it/lnuk
2024-08-17,Parking,2023,https://boxd.it/Iyga
2024-08-19,Nomadland,2020,https://boxd.it/lnRy
2024-08-20,Dìdi (弟弟),2024,https://boxd.it/HQOW
2024-08-20,Intrusion,2021,https://boxd.it/txCa
2024-08-20,Cinderella Man,2005,https://boxd.it/29he
2024-08-20,Meet Joe Black,1998,https://boxd.it/2aEI
2024-08-24,Bird Box,2018,https://boxd.it/eh1i
2024-08-24,Twisters,2024,https://boxd.it/qV7a
2024-08-24,Doraemon: Nobita's Dinosaur,1980,https://boxd.it/cg
2024-08-24,"Doraemon: The Record of Nobita, Spaceblazer",1981,https://boxd.it/53rS
2024-08-24,Doraemon: What am I for Momotaro,1981,https://boxd.it/aD9K
2024-08-24,Doraemon: Nobita and the Haunts of Evil,1982,https://boxd.it/5Aw2
2024-08-24,Doraemon: Nobita and the Castle of the Undersea Devil,1983,https://boxd.it/4Gde
2024-08-24,Doraemon: Nobita's Great Adventure in the World of Magic,1984,https://boxd.it/52Io
2024-08-24,Doraemon: Nobita's Little Star Wars,1985,https://boxd.it/52HU
2024-08-24,Doraemon: Nobita and the Steel Troops,1986,https://boxd.it/38Ri
2024-08-24,Doraemon: Nobita and the Knights on Dinosaurs,1987,https://boxd.it/2o5M
2024-08-24,Doraemon: The Record of Nobita's Parallel Journey to the West,1988,https://boxd.it/4oo4
2024-08-24,Doraemon: Nobita and the Birth of Japan,1989,https://boxd.it/4yey
2024-08-24,Doraemon: Nobita and the Animal Planet,1990,https://boxd.it/52HA
2024-08-24,Doraemon: Nobita's Dorabian Nights,1991,https://boxd.it/5HFA
2024-08-24,Doraemon: Nobita and the Kingdom of Clouds,1992,https://boxd.it/4l4A
2024-08-24,Doraemon: Nobita and the Tin Labyrinth,1993,https://boxd.it/53gA
2024-08-24,Doraemon: Nobita's Three Visionary Swordsmen,1994,https://boxd.it/52H6
2024-08-24,Doraemon: Nobita's Diary on the Creation of the World,1995,https://boxd.it/53hS
2024-08-24,2112: The Birth of Doraemon,1995,https://boxd.it/8DsI
2024-08-24,Doraemon: Nobita and the Galaxy Super-express,1996,https://boxd.it/3B2y
2024-08-24,Doraemon: Nobita and the Spiral City,1997,https://boxd.it/55sI
2024-08-24,Doraemons: The Puzzling Challenge Letter of the Mysterious Thief Dorapan,1997,https://boxd.it/aFQG
2024-08-24,Doraemon: Nobita's Great Adventure in the South Seas,1998,https://boxd.it/3zKS
2024-08-24,Nobita's the Night Before a Wedding,1999,https://boxd.it/aBBC
2024-08-24,Doraemon: Nobita Drifts in the Universe,1999,https://boxd.it/53sG
2024-08-24,Doraemon: Nobita and the Legend of the Sun King,2000,https://boxd.it/1ji0
2024-08-24,Doraemon: A Grandmother's Recollections,2000,https://boxd.it/4irw
2024-08-24,Doraemon: Nobita and the Winged Braves,2001,https://boxd.it/53sc
2024-08-24,Doraemon: Ganbare! Gian!!,2001,https://boxd.it/aDMs
2024-08-24,Doraemon: Nobita and the Robot Kingdom,2002,https://boxd.it/53s2
2024-08-24,Doraemon: The Day When I Was Born,2002,https://boxd.it/aDMM
2024-08-24,Doraemon: Nobita and the Windmasters,2003,https://boxd.it/3ouO
2024-08-24,Doraemon: Nobita in the Wan-Nyan Spacetime Odyssey,2004,https://boxd.it/5OKW
2024-08-24,Doraemon: Nobita's Dinosaur,2006,https://boxd.it/2svO
2024-08-24,Doraemon: Nobita's New Great Adventure Into the Underworld - The Seven Magic Users,2007,https://boxd.it/y7u
2024-08-24,Doraemon: Nobita and the Green Giant Legend,2008,https://boxd.it/4oX4
2024-08-24,Doraemon: Nobita's Secret Gadget Museum,2013,https://boxd.it/6uNS
2024-08-24,Doraemon: New Nobita's Great Demon - Peko and the Exploration Party of Five,2014,https://boxd.it/8ReK
2024-08-24,Stand by Me Doraemon,2014,https://boxd.it/7VEK
2024-08-24,Doraemon: Nobita and the Space Heroes,2015,https://boxd.it/bLO4
2024-08-24,Doraemon: Nobita and the Birth of Japan,2016,https://boxd.it/doom
2024-08-24,Doraemon: Nobita's Great Adventure in the Antarctic Kachi Kochi,2017,https://boxd.it/gxWo
2024-08-24,Doraemon: Nobita's Treasure Island,2018,https://boxd.it/hSNY
2024-08-24,Doraemon: Nobita's New Dinosaur,2020,https://boxd.it/ps9E
2024-08-24,Stand by Me Doraemon 2,2020,https://boxd.it/rkrO
2024-08-24,Doraemon the Movie: Nobita's Little Star Wars 2021,2022,https://boxd.it/tp7I
2024-08-24,Doraemon the Movie: Nobita's Sky Utopia,2023,https://boxd.it/CZ36
2024-08-24,Psycho II,1983,https://boxd.it/1VUQ
2024-08-24,Psycho III,1986,https://boxd.it/1RsS
2024-08-26,Moneyball,2011,https://boxd.it/glS
2024-08-26,Eddie the Eagle,2015,https://boxd.it/amAY
2024-08-26,Million Dollar Arm,2014,https://boxd.it/5Y34
2024-08-26,Million Dollar Baby,2004,https://boxd.it/2bdI
2024-08-27,The Zone of Interest,2023,https://boxd.it/gJsA
2024-08-28,Deadpool & Wolverine,2024,https://boxd.it/jq8s
2024-08-28,Deadpool 2,2018,https://boxd.it/dlLM
2024-08-29,Hope,2013,https://boxd.it/7x5Q
2024-08-29,The Imitation Game,2014,https://boxd.it/6aig
2024-08-31,The Ugly Truth,2009,https://boxd.it/1CFi
2024-08-31,Lucy,2014,https://boxd.it/75hu
2024-08-31,Black Swan,2010,https://boxd.it/Sw0
2024-09-02,Welcome Home,2020,https://boxd.it/sBea
2024-09-03,The Perks of Being a Wallflower,2012,https://boxd.it/2ZA8
2024-09-06,Longlegs,2024,https://boxd.it/KzLM
2024-09-08,Sleep,2023,https://boxd.it/Aqmo
2024-09-09,Brothers,2009,https://boxd.it/20WW
2024-09-14,Jailbreak,2017,https://boxd.it/fnQy
2024-09-15,The Sidemen Story,2024,https://boxd.it/L3Wq
2024-09-15,Inside Out,2015,https://boxd.it/4KHC
2024-09-16,Inside Out 2,2024,https://boxd.it/CFrC
2024-09-19,The Mist,2007,https://boxd.it/22r2
2024-09-21,Irul,2021,https://boxd.it/uoAQ
2024-10-01,Life of Pi,2012,https://boxd.it/37pC
2024-10-09,Pirates of the Caribbean: The Curse of the Black Pearl,2003,https://boxd.it/70G
2024-10-09,Pirates of the Caribbean: Dead Man's Chest,2006,https://boxd.it/2bfk
2024-10-09,Pirates of the Caribbean: At World's End,2007,https://boxd.it/2aGu
2024-10-09,Pirates of the Caribbean: On Stranger Tides,2011,https://boxd.it/27Z4
2024-10-09,Pirates of the Caribbean: Dead Men Tell No Tales,2017,https://boxd.it/5a9m
2024-10-09,The Handmaiden,2016,https://boxd.it/948A
2024-10-10,Stand by Me,1986,https://boxd.it/2aOe
2024-10-11,Jaws,1975,https://boxd.it/2a5e
2024-10-11,Her,2013,https://boxd.it/4O24
2024-10-11,The Goonies,1985,https://boxd.it/1YVC
2024-10-14,Miller's Girl,2024,https://boxd.it/CP8U
2024-10-14,Scream,2022,https://boxd.it/o0lg
2024-10-14,Scream VI,2023,https://boxd.it/zdfW
2024-10-14,The Founder,2016,https://boxd.it/9XwM
2024-10-14,The Walk,2015,https://boxd.it/8Rao
2024-10-15,I Saw the Devil,2010,https://boxd.it/FaK
2024-10-15,Captain Phillips,2013,https://boxd.it/3GPK
2024-10-15,Memento,2000,https://boxd.it/2bcK
2024-10-16,Blade Runner 2049,2017,https://boxd.it/b8wK
2024-10-16,Blade Runner,1982,https://boxd.it/2bcA
2024-10-17,The Fallout,2021,https://boxd.it/tViI
2024-10-19,Gifted,2017,https://boxd.it/e5dG
2024-10-19,After Hours,1985,https://boxd.it/1VfS
2024-10-19,The Substance,2024,https://boxd.it/zanS
2024-10-20,Donnie Darko,2001,https://boxd.it/2b2A
2024-10-23,Shaolin Soccer,2001,https://boxd.it/1T86
2024-10-26,The Shining,1980,https://boxd.it/29Nu
2024-10-27,Coco,2017,https://boxd.it/bYJQ
2024-10-30,Get Out,2017,https://boxd.it/eOCm
2024-10-31,The Penguin,2024,https://boxd.it/QkIU
2024-11-01,Joker: Folie à Deux,2024,https://boxd.it/xBoE
2024-11-02,The Menendez Brothers,2024,https://boxd.it/QoHw
2024-11-03,Annihilation,2018,https://boxd.it/9yzm
2024-11-03,12th Fail,2023,https://boxd.it/I1sM
2024-11-04,Minari,2020,https://boxd.it/mL9M
2024-11-04,The Visit,2015,https://boxd.it/9ssO
2024-11-05,Coherence,2013,https://boxd.it/6xza
2024-11-05,The Platform,2019,https://boxd.it/mUm6
2024-11-05,Dunkirk,2017,https://boxd.it/d0Y6
2024-11-06,Jurassic Park,1993,https://boxd.it/2aA2
2024-11-06,The Lost World: Jurassic Park,1997,https://boxd.it/2azS
2024-11-06,Challengers,2024,https://boxd.it/zld0
2024-11-06,Shaun of the Dead,2004,https://boxd.it/29J8
2024-11-08,The Curious Case of Benjamin Button,2008,https://boxd.it/23Fk
2024-11-09,Requiem for a Dream,2000,https://boxd.it/29VI
2024-11-17,My Old Ass,2024,https://boxd.it/zLP0
2024-11-18,Look Back,2024,https://boxd.it/LjA6
2024-12-02,Call Me by Your Name,2017,https://boxd.it/dYmm
2024-12-03,Little Miss Sunshine,2006,https://boxd.it/29EW
2024-12-07,Phone Booth,2002,https://boxd.it/285G
2024-12-07,2 AM Coffee,2023,https://boxd.it/NP9A
2024-12-07,"nothing, except everything.",2023,https://boxd.it/GJqw
2024-12-08,Maestro,2023,https://boxd.it/j0DE
2024-12-12,Alone,2008,https://boxd.it/1qAK
2024-12-13,Perfect Days,2023,https://boxd.it/ATh8
2024-12-13,Zootopia,2016,https://boxd.it/84xS
2024-12-13,Doraemon the Movie: Nobita's Earth Symphony,2024,https://boxd.it/Hprm
2024-12-14,The Hunger Games,2012,https://boxd.it/2uds
2024-12-15,The Hunger Games: Catching Fire,2013,https://boxd.it/3sAw
2024-12-15,Never Let Go,2024,https://boxd.it/uGn6
2024-12-17,"Spring, Summer, Fall, Winter... and Spring",2003,https://boxd.it/2b6W
2024-12-17,Carry-On,2024,https://boxd.it/C0B2
2024-12-23,Everything Everywhere All at Once,2022,https://boxd.it/jUk4
2024-12-30,Mulholland Drive,2001,https://boxd.it/297o
2025-01-04,The Wild Robot,2024,https://boxd.it/IWFy
2025-01-06,Anora,2024,https://boxd.it/Egcw
2025-01-08,A Real Pain,2024,https://boxd.it/CjNG
2025-01-09,La Haine,1995,https://boxd.it/2as8
2025-01-10,The Witch,2015,https://boxd.it/9X0m
2025-01-10,Memoir of a Snail,2024,https://boxd.it/EgX8
2025-01-11,Harakiri,1962,https://boxd.it/1NTU
2025-01-12,Spider-Man,2002,https://boxd.it/2a8i
2025-01-13,How to Make Millions Before Grandma Dies,2024,https://boxd.it/FLa4
2025-01-13,Twin Peaks,1989,https://boxd.it/g8pk
2025-01-14,Twin Peaks: The Return,2017,https://boxd.it/hN9O
2025-01-14,Twin Peaks: Fire Walk with Me,1992,https://boxd.it/27Qw
2025-01-16,Yi Yi,2000,https://boxd.it/1vCw
2025-01-18,The Elephant Man,1980,https://boxd.it/27LQ
2025-01-25,Emilia Pérez,2024,https://boxd.it/AP3G
2025-01-25,Battle Royale,2000,https://boxd.it/25zS
2025-01-26,Babylon,2022,https://boxd.it/mM02
2025-01-27,Kneecap,2024,https://boxd.it/ILxI
2025-01-28,Lost Highway,1997,https://boxd.it/29Wc
2025-01-30,August Rush,2007,https://boxd.it/23kQ
2025-02-03,Sing Sing,2023,https://boxd.it/HIBA
2025-02-03,"Three Billboards Outside Ebbing, Missouri",2017,https://boxd.it/ceBS
2025-02-07,Flow,2024,https://boxd.it/v1Ei
2025-05-14,I'm Still Here,2024,https://boxd.it/BPEO
2025-05-17,Adolescence,2025,https://boxd.it/TFGw
2025-05-17,Hustle,2022,https://boxd.it/qpig
2025-05-27,Hurry Up Tomorrow,2025,https://boxd.it/FlAU
2025-06-03,The Station Agent,2003,https://boxd.it/27xu
2025-06-04,The Brutalist,2024,https://boxd.it/k4BO
2025-06-05,28 Days Later,2002,https://boxd.it/2aXU
2025-06-05,Snow White,2025,https://boxd.it/fVuc
2025-06-06,28 Weeks Later,2007,https://boxd.it/28Bi
2025-06-06,Letter Never Sent,1960,https://boxd.it/2W6u
2025-06-09,The Tree of Life,2011,https://boxd.it/1Zu8
2025-06-11,Anatomy of a Fall,2023,https://boxd.it/yuDE
2025-06-14,American Psycho II: All American Girl,2002,https://boxd.it/1VxC
2025-06-15,Wicked,2024,https://boxd.it/e8ME
2025-06-16,Predestination,2014,https://boxd.it/6bJM
2025-08-22,F1,2025,https://boxd.it/yjVM
2025-08-24,Primal Fear,1996,https://boxd.it/28ws
2025-08-25,The Secret Life of Walter Mitty,2013,https://boxd.it/3SWy
2025-09-01,Sinners,2025,https://boxd.it/KQMM
2025-09-06,The Sandlot,1993,https://boxd.it/1TDy
2025-09-07,To Kill a Mockingbird,1962,https://boxd.it/2a2E
2025-09-10,Weapons,2025,https://boxd.it/EMTM
2025-09-14,Irreversible,2002,https://boxd.it/29as
2025-09-14,King Richard,2021,https://boxd.it/mJZ2
2025-09-16,The Conjuring: Last Rites,2025,https://boxd.it/Dh8e
2025-09-16,Cape Fear,1991,https://boxd.it/28vu
2025-09-16,My Girl,1991,https://boxd.it/24PK
2025-09-17,The Breakfast Club,1985,https://boxd.it/27q4
2025-09-20,Rain Man,1988,https://boxd.it/2avw
2025-09-21,Coach Carter,2005,https://boxd.it/218e
2025-09-22,Demon Slayer: Kimetsu no Yaiba Infinity Castle,2025,https://boxd.it/O1GQ
2025-09-23,Loot,2012,https://boxd.it/hGly
2025-09-23,Pashupati Prasad,2016,https://boxd.it/grJo
2025-09-23,Talakjung vs Tulke,2014,https://boxd.it/ccn0
2025-09-23,Kabaddi,2014,https://boxd.it/859C
2025-09-23,Jhola,2013,https://boxd.it/95E8
2025-09-23,Jatra,2016,https://boxd.it/hSPU
2025-09-23,Kabaddi Kabaddi,2015,https://boxd.it/dSUs
2025-09-23,Kabaddi Kabaddi Kabaddi,2020,https://boxd.it/p6dY
2025-09-23,Kabaddi 4: The Final Match,2022,https://boxd.it/B1Sm
2025-10-13,The Intern,2015,https://boxd.it/7AOE
2025-10-18,Holy Cow,2024,https://boxd.it/EPbI
2025-10-19,Raging Bull,1980,https://boxd.it/28yI
2025-10-20,The Lost Bus,2025,https://boxd.it/KYKE
2025-10-21,Birdman or (The Unexpected Virtue of Ignorance),2014,https://boxd.it/5RFA
2025-10-23,Chungking Express,1994,https://boxd.it/1UDa
2025-10-23,Take Shelter,2011,https://boxd.it/DQ
2025-10-25,CODA,2021,https://boxd.it/tbf4
2025-10-25,There Will Be Blood,2007,https://boxd.it/20Z2
2025-10-26,Moonlight,2016,https://boxd.it/d6bE
2025-10-27,The Florida Project,2017,https://boxd.it/dMG0
2025-10-27,Band of Brothers,2001,https://boxd.it/aRNY
2025-10-27,No Half Measures: Creating the Final Season of Breaking Bad,2013,https://boxd.it/72Yg
2025-10-27,Monster,2004,https://boxd.it/py6Q
2025-10-27,One Piece Fan Letter,2024,https://boxd.it/R0Eq
2025-10-27,Vinland Saga,2019,https://boxd.it/qdwU
2025-10-27,Berserk,1997,https://boxd.it/pzgM
2025-10-28,Oasis,2002,https://boxd.it/1sO0
2025-10-31,"Sorry, Baby",2025,https://boxd.it/JKNi
2025-10-31,The Spectacular Now,2013,https://boxd.it/4VSG
2025-10-31,Jeepers Creepers,2001,https://boxd.it/1ZAg
2025-10-31,Jeepers Creepers 2,2003,https://boxd.it/1U3Q
2025-11-07,Friends: The Reunion,2021,https://boxd.it/pOQq
2025-11-15,Dragon Ball Super: Broly,2018,https://boxd.it/iaWE
2025-11-16,One Battle After Another,2025,https://boxd.it/DUHM
2025-11-16,Remember to Blink,2022,https://boxd.it/zgVG
2025-11-16,Barbie,2023,https://boxd.it/bCLK
2025-11-17,Stomach Bug,2024,https://boxd.it/OFrm
2025-11-23,Materialists,2025,https://boxd.it/GZlW
2025-11-23,No Other Choice,2025,https://boxd.it/nKiA
2025-11-30,Bugonia,2025,https://boxd.it/qeWY
2025-11-30,Black Mirror: Shut Up and Dance,2016,https://boxd.it/hRRq
2025-12-07,Train Dreams,2025,https://boxd.it/LdDo
2025-12-21,A Complete Unknown,2024,https://boxd.it/oBYa
2026-01-03,Stranger Things 5: The Finale,2025,https://boxd.it/YqXW
2026-01-06,Black Mirror: White Christmas,2014,https://boxd.it/B3qu
2026-01-16,Grave of the Fireflies,2005,https://boxd.it/2Ez4
2026-01-17,Taste of Cherry,1997,https://boxd.it/1m8W
2026-01-17,Black Mirror: The National Anthem,2011,https://boxd.it/hQYK
2026-01-17,Black Mirror: Fifteen Million Merits,2011,https://boxd.it/hQYU
2026-01-17,Black Mirror: The Entire History of You,2011,https://boxd.it/hQZ4
2026-01-17,Black Mirror: Be Right Back,2013,https://boxd.it/hRpw
2026-01-17,Black Mirror: White Bear,2013,https://boxd.it/hRpG
2026-01-17,Black Mirror: The Waldo Moment,2013,https://boxd.it/hRpQ
2026-01-17,Black Mirror: Nosedive,2016,https://boxd.it/hK9G
2026-01-17,Black Mirror: Playtest,2016,https://boxd.it/hRR6
2026-01-17,Black Mirror: San Junipero,2016,https://boxd.it/k4aS
2026-01-17,Black Mirror: Men Against Fire,2016,https://boxd.it/hSBS
2026-01-17,Black Mirror: Hated in the Nation,2016,https://boxd.it/hSBI
2026-01-17,Black Mirror: Metalhead,2017,https://boxd.it/hRqk
2026-01-17,Black Mirror: Black Museum,2017,https://boxd.it/hRqu
2026-01-17,Black Mirror: Bandersnatch,2018,https://boxd.it/kTDG
2026-01-17,Black Mirror: Striking Vipers,2019,https://boxd.it/mlse
2026-01-17,Black Mirror: Smithereens,2019,https://boxd.it/mltc
2026-01-17,"Black Mirror: Rachel, Jack and Ashley Too",2019,https://boxd.it/mltQ
2026-01-17,Black Mirror: Joan Is Awful,2023,https://boxd.it/GWmi
2026-01-17,Black Mirror: Loch Henry,2023,https://boxd.it/H7Pg
2026-01-17,Black Mirror: Beyond the Sea,2023,https://boxd.it/H7QI
2026-01-17,Black Mirror: Mazey Day,2023,https://boxd.it/H7QS
2026-01-17,Black Mirror: Demon 79,2023,https://boxd.it/H7Rc
2026-01-17,Black Mirror: USS Callister,2017,https://boxd.it/hQXi
2026-01-17,Black Mirror: Arkangel,2017,https://boxd.it/hQXW
2026-01-17,Black Mirror: Crocodile,2017,https://boxd.it/hRoS
2026-01-17,Black Mirror: Hang the DJ,2017,https://boxd.it/hQYA
2026-01-17,Black Mirror: Eulogy,2025,https://boxd.it/U1Ww
2026-01-17,Black Mirror: Common People,2025,https://boxd.it/U1Vy
2026-01-17,Black Mirror: USS Callister – Into Infinity,2025,https://boxd.it/U1Wm
2026-01-17,Black Mirror: Hotel Reverie,2025,https://boxd.it/U1V4
2026-01-17,Black Mirror: Bête Noire,2025,https://boxd.it/U1VI
2026-01-17,Black Mirror: Plaything,2025,https://boxd.it/U1VS
2026-01-18,Chinatown,1974,https://boxd.it/29vU
2026-01-24,Encounters at the End of the World,2007,https://boxd.it/1SmQ
2026-01-24,One Flew Over the Cuckoo's Nest,1975,https://boxd.it/2aeA
2026-01-24,Manakamana,2013,https://boxd.it/6mVO
2026-01-24,The Black Hen,2015,https://boxd.it/cUTO
2026-01-24,Unko Sweater,2025,https://boxd.it/USIi
2026-01-24,Jatrai Jatra,2019,https://boxd.it/rVG2
2026-01-24,Loot 2,2017,https://boxd.it/hx4o
2026-01-24,Selfie King,2020,https://boxd.it/oQhq
2026-01-24,Pashupati Prasad 2: Bhasme Don,2023,https://boxd.it/Ji4a
2026-02-14,Queen of Chess,2026,https://boxd.it/ZsUW
2026-02-16,Marty Supreme,2025,https://boxd.it/Off0
2026-04-25,Children of Heaven,1997,https://boxd.it/1C5k
2026-05-15,Hamnet,2025,https://boxd.it/woVy
2026-05-15,Project Hail Mary,2026,https://boxd.it/pEeQ
2026-05-21,The Drama,2026,https://boxd.it/OA2w
2026-05-21,Nocturnal Animals,2016,https://boxd.it/bkFu
2026-05-25,Wolf Children,2012,https://boxd.it/3Ipk
2026-05-28,Obsession,2025,https://boxd.it/PNqo
2026-06-07,The Secret Agent,2025,https://boxd.it/KkUE
2026-06-07,Vivarium,2019,https://boxd.it/gmVE
